<?xml version="1.0" encoding="UTF-8"?>
<spirit:component xmlns:xilinx="http://www.xilinx.com" xmlns:spirit="http://www.spiritconsortium.org/XMLSchema/SPIRIT/1685-2009" xmlns:xsi="http://www.w3.org/2001/XMLSchema-instance">
  <spirit:vendor>utoronto.ca</spirit:vendor>
  <spirit:library>user</spirit:library>
  <spirit:name>AXI_I2S_driver</spirit:name>
  <spirit:version>1.0</spirit:version>
  <spirit:busInterfaces>
    <spirit:busInterface>
      <spirit:name>S00_AXI</spirit:name>
      <spirit:busType spirit:vendor="xilinx.com" spirit:library="interface" spirit:name="aximm" spirit:version="1.0"/>
      <spirit:abstractionType spirit:vendor="xilinx.com" spirit:library="interface" spirit:name="aximm_rtl" spirit:version="1.0"/>
      <spirit:slave>
        <spirit:memoryMapRef spirit:memoryMapRef="S00_AXI"/>
      </spirit:slave>
      <spirit:portMaps>
        <spirit:portMap>
          <spirit:logicalPort>
            <spirit:name>AWADDR</spirit:name>
          </spirit:logicalPort>
          <spirit:physicalPort>
            <spirit:name>s00_axi_awaddr</spirit:name>
          </spirit:physicalPort>
        </spirit:portMap>
        <spirit:portMap>
          <spirit:logicalPort>
            <spirit:name>AWPROT</spirit:name>
          </spirit:logicalPort>
          <spirit:physicalPort>
            <spirit:name>s00_axi_awprot</spirit:name>
          </spirit:physicalPort>
        </spirit:portMap>
        <spirit:portMap>
          <spirit:logicalPort>
            <spirit:name>AWVALID</spirit:name>
          </spirit:logicalPort>
          <spirit:physicalPort>
            <spirit:name>s00_axi_awvalid</spirit:name>
          </spirit:physicalPort>
        </spirit:portMap>
        <spirit:portMap>
          <spirit:logicalPort>
            <spirit:name>AWREADY</spirit:name>
          </spirit:logicalPort>
          <spirit:physicalPort>
            <spirit:name>s00_axi_awready</spirit:name>
          </spirit:physicalPort>
        </spirit:portMap>
        <spirit:portMap>
          <spirit:logicalPort>
            <spirit:name>WDATA</spirit:name>
          </spirit:logicalPort>
          <spirit:physicalPort>
            <spirit:name>s00_axi_wdata</spirit:name>
          </spirit:physicalPort>
        </spirit:portMap>
        <spirit:portMap>
          <spirit:logicalPort>
            <spirit:name>WSTRB</spirit:name>
          </spirit:logicalPort>
          <spirit:physicalPort>
            <spirit:name>s00_axi_wstrb</spirit:name>
          </spirit:physicalPort>
        </spirit:portMap>
        <spirit:portMap>
          <spirit:logicalPort>
            <spirit:name>WVALID</spirit:name>
          </spirit:logicalPort>
          <spirit:physicalPort>
            <spirit:name>s00_axi_wvalid</spirit:name>
          </spirit:physicalPort>
        </spirit:portMap>
        <spirit:portMap>
          <spirit:logicalPort>
            <spirit:name>WREADY</spirit:name>
          </spirit:logicalPort>
          <spirit:physicalPort>
            <spirit:name>s00_axi_wready</spirit:name>
          </spirit:physicalPort>
        </spirit:portMap>
        <spirit:portMap>
          <spirit:logicalPort>
            <spirit:name>BRESP</spirit:name>
          </spirit:logicalPort>
          <spirit:physicalPort>
            <spirit:name>s00_axi_bresp</spirit:name>
          </spirit:physicalPort>
        </spirit:portMap>
        <spirit:portMap>
          <spirit:logicalPort>
            <spirit:name>BVALID</spirit:name>
          </spirit:logicalPort>
          <spirit:physicalPort>
            <spirit:name>s00_axi_bvalid</spirit:name>
          </spirit:physicalPort>
        </spirit:portMap>
        <spirit:portMap>
          <spirit:logicalPort>
            <spirit:name>BREADY</spirit:name>
          </spirit:logicalPort>
          <spirit:physicalPort>
            <spirit:name>s00_axi_bready</spirit:name>
          </spirit:physicalPort>
        </spirit:portMap>
        <spirit:portMap>
          <spirit:logicalPort>
            <spirit:name>ARADDR</spirit:name>
          </spirit:logicalPort>
          <spirit:physicalPort>
            <spirit:name>s00_axi_araddr</spirit:name>
          </spirit:physicalPort>
        </spirit:portMap>
        <spirit:portMap>
          <spirit:logicalPort>
            <spirit:name>ARPROT</spirit:name>
          </spirit:logicalPort>
          <spirit:physicalPort>
            <spirit:name>s00_axi_arprot</spirit:name>
          </spirit:physicalPort>
        </spirit:portMap>
        <spirit:portMap>
          <spirit:logicalPort>
            <spirit:name>ARVALID</spirit:name>
          </spirit:logicalPort>
          <spirit:physicalPort>
            <spirit:name>s00_axi_arvalid</spirit:name>
          </spirit:physicalPort>
        </spirit:portMap>
        <spirit:portMap>
          <spirit:logicalPort>
            <spirit:name>ARREADY</spirit:name>
          </spirit:logicalPort>
          <spirit:physicalPort>
            <spirit:name>s00_axi_arready</spirit:name>
          </spirit:physicalPort>
        </spirit:portMap>
        <spirit:portMap>
          <spirit:logicalPort>
            <spirit:name>RDATA</spirit:name>
          </spirit:logicalPort>
          <spirit:physicalPort>
            <spirit:name>s00_axi_rdata</spirit:name>
          </spirit:physicalPort>
        </spirit:portMap>
        <spirit:portMap>
          <spirit:logicalPort>
            <spirit:name>RRESP</spirit:name>
          </spirit:logicalPort>
          <spirit:physicalPort>
            <spirit:name>s00_axi_rresp</spirit:name>
          </spirit:physicalPort>
        </spirit:portMap>
        <spirit:portMap>
          <spirit:logicalPort>
            <spirit:name>RVALID</spirit:name>
          </spirit:logicalPort>
          <spirit:physicalPort>
            <spirit:name>s00_axi_rvalid</spirit:name>
          </spirit:physicalPort>
        </spirit:portMap>
        <spirit:portMap>
          <spirit:logicalPort>
            <spirit:name>RREADY</spirit:name>
          </spirit:logicalPort>
          <spirit:physicalPort>
            <spirit:name>s00_axi_rready</spirit:name>
          </spirit:physicalPort>
        </spirit:portMap>
      </spirit:portMaps>
      <spirit:parameters>
        <spirit:parameter>
          <spirit:name>WIZ_DATA_WIDTH</spirit:name>
          <spirit:value spirit:format="long" spirit:id="BUSIFPARAM_VALUE.S00_AXI.WIZ_DATA_WIDTH" spirit:choiceRef="choice_list_6fc15197">32</spirit:value>
        </spirit:parameter>
        <spirit:parameter>
          <spirit:name>WIZ_NUM_REG</spirit:name>
          <spirit:value spirit:format="long" spirit:id="BUSIFPARAM_VALUE.S00_AXI.WIZ_NUM_REG" spirit:minimum="4" spirit:maximum="512" spirit:rangeType="long">4</spirit:value>
        </spirit:parameter>
        <spirit:parameter>
          <spirit:name>SUPPORTS_NARROW_BURST</spirit:name>
          <spirit:value spirit:format="long" spirit:id="BUSIFPARAM_VALUE.S00_AXI.SUPPORTS_NARROW_BURST" spirit:choiceRef="choice_pairs_ce1226b1">0</spirit:value>
        </spirit:parameter>
      </spirit:parameters>
    </spirit:busInterface>
    <spirit:busInterface>
      <spirit:name>S00_AXI_RST</spirit:name>
      <spirit:busType spirit:vendor="xilinx.com" spirit:library="signal" spirit:name="reset" spirit:version="1.0"/>
      <spirit:abstractionType spirit:vendor="xilinx.com" spirit:library="signal" spirit:name="reset_rtl" spirit:version="1.0"/>
      <spirit:slave/>
      <spirit:portMaps>
        <spirit:portMap>
          <spirit:logicalPort>
            <spirit:name>RST</spirit:name>
          </spirit:logicalPort>
          <spirit:physicalPort>
            <spirit:name>s00_axi_aresetn</spirit:name>
          </spirit:physicalPort>
        </spirit:portMap>
      </spirit:portMaps>
      <spirit:parameters>
        <spirit:parameter>
          <spirit:name>POLARITY</spirit:name>
          <spirit:value spirit:id="BUSIFPARAM_VALUE.S00_AXI_RST.POLARITY" spirit:choiceRef="choice_list_9d8b0d81">ACTIVE_LOW</spirit:value>
        </spirit:parameter>
      </spirit:parameters>
    </spirit:busInterface>
    <spirit:busInterface>
      <spirit:name>S00_AXI_CLK</spirit:name>
      <spirit:busType spirit:vendor="xilinx.com" spirit:library="signal" spirit:name="clock" spirit:version="1.0"/>
      <spirit:abstractionType spirit:vendor="xilinx.com" spirit:library="signal" spirit:name="clock_rtl" spirit:version="1.0"/>
      <spirit:slave/>
      <spirit:portMaps>
        <spirit:portMap>
          <spirit:logicalPort>
            <spirit:name>CLK</spirit:name>
          </spirit:logicalPort>
          <spirit:physicalPort>
            <spirit:name>s00_axi_aclk</spirit:name>
          </spirit:physicalPort>
        </spirit:portMap>
      </spirit:portMaps>
      <spirit:parameters>
        <spirit:parameter>
          <spirit:name>ASSOCIATED_BUSIF</spirit:name>
          <spirit:value spirit:id="BUSIFPARAM_VALUE.S00_AXI_CLK.ASSOCIATED_BUSIF">S00_AXI</spirit:value>
        </spirit:parameter>
        <spirit:parameter>
          <spirit:name>ASSOCIATED_RESET</spirit:name>
          <spirit:value spirit:id="BUSIFPARAM_VALUE.S00_AXI_CLK.ASSOCIATED_RESET">s00_axi_aresetn</spirit:value>
        </spirit:parameter>
      </spirit:parameters>
    </spirit:busInterface>
  </spirit:busInterfaces>
  <spirit:memoryMaps>
    <spirit:memoryMap>
      <spirit:name>S00_AXI</spirit:name>
      <spirit:addressBlock>
        <spirit:name>S00_AXI_reg</spirit:name>
        <spirit:baseAddress spirit:format="long" spirit:resolve="user">0x10000000</spirit:baseAddress>
        <spirit:range spirit:format="long">4096</spirit:range>
        <spirit:width spirit:format="long">32</spirit:width>
        <spirit:usage>register</spirit:usage>
        <spirit:parameters>
          <spirit:parameter>
            <spirit:name>OFFSET_BASE_PARAM</spirit:name>
            <spirit:value spirit:id="ADDRBLOCKPARAM_VALUE.S00_AXI.S00_AXI_REG.OFFSET_BASE_PARAM">C_S00_AXI_BASEADDR</spirit:value>
          </spirit:parameter>
          <spirit:parameter>
            <spirit:name>OFFSET_HIGH_PARAM</spirit:name>
            <spirit:value spirit:id="ADDRBLOCKPARAM_VALUE.S00_AXI.S00_AXI_REG.OFFSET_HIGH_PARAM">C_S00_AXI_HIGHADDR</spirit:value>
          </spirit:parameter>
        </spirit:parameters>
      </spirit:addressBlock>
    </spirit:memoryMap>
  </spirit:memoryMaps>
  <spirit:model>
    <spirit:views>
      <spirit:view>
        <spirit:name>xilinx_verilogsynthesis</spirit:name>
        <spirit:displayName>Verilog Synthesis</spirit:displayName>
        <spirit:envIdentifier>verilogSource:vivado.xilinx.com:synthesis</spirit:envIdentifier>
        <spirit:language>verilog</spirit:language>
        <spirit:modelName>AXI_I2S_driver_v1_0</spirit:modelName>
        <spirit:fileSetRef>
          <spirit:localName>xilinx_verilogsynthesis_view_fileset</spirit:localName>
        </spirit:fileSetRef>
        <spirit:parameters>
          <spirit:parameter>
            <spirit:name>viewChecksum</spirit:name>
            <spirit:value>c219d1be</spirit:value>
          </spirit:parameter>
        </spirit:parameters>
      </spirit:view>
      <spirit:view>
        <spirit:name>xilinx_verilogbehavioralsimulation</spirit:name>
        <spirit:displayName>Verilog Simulation</spirit:displayName>
        <spirit:envIdentifier>verilogSource:vivado.xilinx.com:simulation</spirit:envIdentifier>
        <spirit:language>verilog</spirit:language>
        <spirit:modelName>AXI_I2S_driver_v1_0</spirit:modelName>
        <spirit:fileSetRef>
          <spirit:localName>xilinx_verilogbehavioralsimulation_view_fileset</spirit:localName>
        </spirit:fileSetRef>
        <spirit:parameters>
          <spirit:parameter>
            <spirit:name>viewChecksum</spirit:name>
            <spirit:value>c219d1be</spirit:value>
          </spirit:parameter>
        </spirit:parameters>
      </spirit:view>
      <spirit:view>
        <spirit:name>xilinx_softwaredriver</spirit:name>
        <spirit:displayName>Software Driver</spirit:displayName>
        <spirit:envIdentifier>:vivado.xilinx.com:sw.driver</spirit:envIdentifier>
        <spirit:fileSetRef>
          <spirit:localName>xilinx_softwaredriver_view_fileset</spirit:localName>
        </spirit:fileSetRef>
        <spirit:parameters>
          <spirit:parameter>
            <spirit:name>viewChecksum</spirit:name>
            <spirit:value>39699f4b</spirit:value>
          </spirit:parameter>
        </spirit:parameters>
      </spirit:view>
      <spirit:view>
        <spirit:name>xilinx_xpgui</spirit:name>
        <spirit:displayName>UI Layout</spirit:displayName>
        <spirit:envIdentifier>:vivado.xilinx.com:xgui.ui</spirit:envIdentifier>
        <spirit:fileSetRef>
          <spirit:localName>xilinx_xpgui_view_fileset</spirit:localName>
        </spirit:fileSetRef>
        <spirit:parameters>
          <spirit:parameter>
            <spirit:name>viewChecksum</spirit:name>
            <spirit:value>dda4df14</spirit:value>
          </spirit:parameter>
        </spirit:parameters>
      </spirit:view>
      <spirit:view>
        <spirit:name>bd_tcl</spirit:name>
        <spirit:displayName>Block Diagram</spirit:displayName>
        <spirit:envIdentifier>:vivado.xilinx.com:block.diagram</spirit:envIdentifier>
        <spirit:fileSetRef>
          <spirit:localName>bd_tcl_view_fileset</spirit:localName>
        </spirit:fileSetRef>
        <spirit:parameters>
          <spirit:parameter>
            <spirit:name>viewChecksum</spirit:name>
            <spirit:value>16328387</spirit:value>
          </spirit:parameter>
        </spirit:parameters>
      </spirit:view>
    </spirit:views>
    <spirit:ports>
      <spirit:port>
        <spirit:name>clk_100MHz</spirit:name>
        <spirit:wire>
          <spirit:direction>in</spirit:direction>
          <spirit:wireTypeDefs>
            <spirit:wireTypeDef>
              <spirit:typeName>wire</spirit:typeName>
              <spirit:viewNameRef>xilinx_verilogsynthesis</spirit:viewNameRef>
              <spirit:viewNameRef>xilinx_verilogbehavioralsimulation</spirit:viewNameRef>
            </spirit:wireTypeDef>
          </spirit:wireTypeDefs>
        </spirit:wire>
      </spirit:port>
      <spirit:port>
        <spirit:name>nrst</spirit:name>
        <spirit:wire>
          <spirit:direction>in</spirit:direction>
          <spirit:wireTypeDefs>
            <spirit:wireTypeDef>
              <spirit:typeName>wire</spirit:typeName>
              <spirit:viewNameRef>xilinx_verilogsynthesis</spirit:viewNameRef>
              <spirit:viewNameRef>xilinx_verilogbehavioralsimulation</spirit:viewNameRef>
            </spirit:wireTypeDef>
          </spirit:wireTypeDefs>
        </spirit:wire>
      </spirit:port>
      <spirit:port>
        <spirit:name>bclk</spirit:name>
        <spirit:wire>
          <spirit:direction>out</spirit:direction>
          <spirit:wireTypeDefs>
            <spirit:wireTypeDef>
              <spirit:typeName>wire</spirit:typeName>
              <spirit:viewNameRef>xilinx_verilogsynthesis</spirit:viewNameRef>
              <spirit:viewNameRef>xilinx_verilogbehavioralsimulation</spirit:viewNameRef>
            </spirit:wireTypeDef>
          </spirit:wireTypeDefs>
        </spirit:wire>
      </spirit:port>
      <spirit:port>
        <spirit:name>mclk</spirit:name>
        <spirit:wire>
          <spirit:direction>out</spirit:direction>
          <spirit:wireTypeDefs>
            <spirit:wireTypeDef>
              <spirit:typeName>wire</spirit:typeName>
              <spirit:viewNameRef>xilinx_verilogsynthesis</spirit:viewNameRef>
              <spirit:viewNameRef>xilinx_verilogbehavioralsimulation</spirit:viewNameRef>
            </spirit:wireTypeDef>
          </spirit:wireTypeDefs>
        </spirit:wire>
      </spirit:port>
      <spirit:port>
        <spirit:name>lrclk</spirit:name>
        <spirit:wire>
          <spirit:direction>out</spirit:direction>
          <spirit:wireTypeDefs>
            <spirit:wireTypeDef>
              <spirit:typeName>wire</spirit:typeName>
              <spirit:viewNameRef>xilinx_verilogsynthesis</spirit:viewNameRef>
              <spirit:viewNameRef>xilinx_verilogbehavioralsimulation</spirit:viewNameRef>
            </spirit:wireTypeDef>
          </spirit:wireTypeDefs>
        </spirit:wire>
      </spirit:port>
      <spirit:port>
        <spirit:name>sd</spirit:name>
        <spirit:wire>
          <spirit:direction>out</spirit:direction>
          <spirit:wireTypeDefs>
            <spirit:wireTypeDef>
              <spirit:typeName>wire</spirit:typeName>
              <spirit:viewNameRef>xilinx_verilogsynthesis</spirit:viewNameRef>
              <spirit:viewNameRef>xilinx_verilogbehavioralsimulation</spirit:viewNameRef>
            </spirit:wireTypeDef>
          </spirit:wireTypeDefs>
        </spirit:wire>
      </spirit:port>
      <spirit:port>
        <spirit:name>s00_axi_awaddr</spirit:name>
        <spirit:wire>
          <spirit:direction>in</spirit:direction>
          <spirit:vector>
            <spirit:left spirit:format="long" spirit:resolve="dependent" spirit:dependency="(spirit:decode(id(&apos;MODELPARAM_VALUE.C_S00_AXI_ADDR_WIDTH&apos;)) - 1)">3</spirit:left>
            <spirit:right spirit:format="long">0</spirit:right>
          </spirit:vector>
          <spirit:wireTypeDefs>
            <spirit:wireTypeDef>
              <spirit:typeName>wire</spirit:typeName>
              <spirit:viewNameRef>xilinx_verilogsynthesis</spirit:viewNameRef>
              <spirit:viewNameRef>xilinx_verilogbehavioralsimulation</spirit:viewNameRef>
            </spirit:wireTypeDef>
          </spirit:wireTypeDefs>
        </spirit:wire>
      </spirit:port>
      <spirit:port>
        <spirit:name>s00_axi_awprot</spirit:name>
        <spirit:wire>
          <spirit:direction>in</spirit:direction>
          <spirit:vector>
            <spirit:left spirit:format="long">2</spirit:left>
            <spirit:right spirit:format="long">0</spirit:right>
          </spirit:vector>
          <spirit:wireTypeDefs>
            <spirit:wireTypeDef>
              <spirit:typeName>wire</spirit:typeName>
              <spirit:viewNameRef>xilinx_verilogsynthesis</spirit:viewNameRef>
              <spirit:viewNameRef>xilinx_verilogbehavioralsimulation</spirit:viewNameRef>
            </spirit:wireTypeDef>
          </spirit:wireTypeDefs>
        </spirit:wire>
      </spirit:port>
      <spirit:port>
        <spirit:name>s00_axi_awvalid</spirit:name>
        <spirit:wire>
          <spirit:direction>in</spirit:direction>
          <spirit:wireTypeDefs>
            <spirit:wireTypeDef>
              <spirit:typeName>wire</spirit:typeName>
              <spirit:viewNameRef>xilinx_verilogsynthesis</spirit:viewNameRef>
              <spirit:viewNameRef>xilinx_verilogbehavioralsimulation</spirit:viewNameRef>
            </spirit:wireTypeDef>
          </spirit:wireTypeDefs>
        </spirit:wire>
      </spirit:port>
      <spirit:port>
        <spirit:name>s00_axi_awready</spirit:name>
        <spirit:wire>
          <spirit:direction>out</spirit:direction>
          <spirit:wireTypeDefs>
            <spirit:wireTypeDef>
              <spirit:typeName>wire</spirit:typeName>
              <spirit:viewNameRef>xilinx_verilogsynthesis</spirit:viewNameRef>
              <spirit:viewNameRef>xilinx_verilogbehavioralsimulation</spirit:viewNameRef>
            </spirit:wireTypeDef>
          </spirit:wireTypeDefs>
        </spirit:wire>
      </spirit:port>
      <spirit:port>
        <spirit:name>s00_axi_wdata</spirit:name>
        <spirit:wire>
          <spirit:direction>in</spirit:direction>
          <spirit:vector>
            <spirit:left spirit:format="long" spirit:resolve="dependent" spirit:dependency="(spirit:decode(id(&apos;MODELPARAM_VALUE.C_S00_AXI_DATA_WIDTH&apos;)) - 1)">31</spirit:left>
            <spirit:right spirit:format="long">0</spirit:right>
          </spirit:vector>
          <spirit:wireTypeDefs>
            <spirit:wireTypeDef>
              <spirit:typeName>wire</spirit:typeName>
              <spirit:viewNameRef>xilinx_verilogsynthesis</spirit:viewNameRef>
              <spirit:viewNameRef>xilinx_verilogbehavioralsimulation</spirit:viewNameRef>
            </spirit:wireTypeDef>
          </spirit:wireTypeDefs>
        </spirit:wire>
      </spirit:port>
      <spirit:port>
        <spirit:name>s00_axi_wstrb</spirit:name>
        <spirit:wire>
          <spirit:direction>in</spirit:direction>
          <spirit:vector>
            <spirit:left spirit:format="long" spirit:resolve="dependent" spirit:dependency="((spirit:decode(id(&apos;MODELPARAM_VALUE.C_S00_AXI_DATA_WIDTH&apos;)) / 8) - 1)">3</spirit:left>
            <spirit:right spirit:format="long">0</spirit:right>
          </spirit:vector>
          <spirit:wireTypeDefs>
            <spirit:wireTypeDef>
              <spirit:typeName>wire</spirit:typeName>
              <spirit:viewNameRef>xilinx_verilogsynthesis</spirit:viewNameRef>
              <spirit:viewNameRef>xilinx_verilogbehavioralsimulation</spirit:viewNameRef>
            </spirit:wireTypeDef>
          </spirit:wireTypeDefs>
        </spirit:wire>
      </spirit:port>
      <spirit:port>
        <spirit:name>s00_axi_wvalid</spirit:name>
        <spirit:wire>
          <spirit:direction>in</spirit:direction>
          <spirit:wireTypeDefs>
            <spirit:wireTypeDef>
              <spirit:typeName>wire</spirit:typeName>
              <spirit:viewNameRef>xilinx_verilogsynthesis</spirit:viewNameRef>
              <spirit:viewNameRef>xilinx_verilogbehavioralsimulation</spirit:viewNameRef>
            </spirit:wireTypeDef>
          </spirit:wireTypeDefs>
        </spirit:wire>
      </spirit:port>
      <spirit:port>
        <spirit:name>s00_axi_wready</spirit:name>
        <spirit:wire>
          <spirit:direction>out</spirit:direction>
          <spirit:wireTypeDefs>
            <spirit:wireTypeDef>
              <spirit:typeName>wire</spirit:typeName>
              <spirit:viewNameRef>xilinx_verilogsynthesis</spirit:viewNameRef>
              <spirit:viewNameRef>xilinx_verilogbehavioralsimulation</spirit:viewNameRef>
            </spirit:wireTypeDef>
          </spirit:wireTypeDefs>
        </spirit:wire>
      </spirit:port>
      <spirit:port>
        <spirit:name>s00_axi_bresp</spirit:name>
        <spirit:wire>
          <spirit:direction>out</spirit:direction>
          <spirit:vector>
            <spirit:left spirit:format="long">1</spirit:left>
            <spirit:right spirit:format="long">0</spirit:right>
          </spirit:vector>
          <spirit:wireTypeDefs>
            <spirit:wireTypeDef>
              <spirit:typeName>wire</spirit:typeName>
              <spirit:viewNameRef>xilinx_verilogsynthesis</spirit:viewNameRef>
              <spirit:viewNameRef>xilinx_verilogbehavioralsimulation</spirit:viewNameRef>
            </spirit:wireTypeDef>
          </spirit:wireTypeDefs>
        </spirit:wire>
      </spirit:port>
      <spirit:port>
        <spirit:name>s00_axi_bvalid</spirit:name>
        <spirit:wire>
          <spirit:direction>out</spirit:direction>
          <spirit:wireTypeDefs>
            <spirit:wireTypeDef>
              <spirit:typeName>wire</spirit:typeName>
              <spirit:viewNameRef>xilinx_verilogsynthesis</spirit:viewNameRef>
              <spirit:viewNameRef>xilinx_verilogbehavioralsimulation</spirit:viewNameRef>
            </spirit:wireTypeDef>
          </spirit:wireTypeDefs>
        </spirit:wire>
      </spirit:port>
      <spirit:port>
        <spirit:name>s00_axi_bready</spirit:name>
        <spirit:wire>
          <spirit:direction>in</spirit:direction>
          <spirit:wireTypeDefs>
            <spirit:wireTypeDef>
              <spirit:typeName>wire</spirit:typeName>
              <spirit:viewNameRef>xilinx_verilogsynthesis</spirit:viewNameRef>
              <spirit:viewNameRef>xilinx_verilogbehavioralsimulation</spirit:viewNameRef>
            </spirit:wireTypeDef>
          </spirit:wireTypeDefs>
        </spirit:wire>
      </spirit:port>
      <spirit:port>
        <spirit:name>s00_axi_araddr</spirit:name>
        <spirit:wire>
          <spirit:direction>in</spirit:direction>
          <spirit:vector>
            <spirit:left spirit:format="long" spirit:resolve="dependent" spirit:dependency="(spirit:decode(id(&apos;MODELPARAM_VALUE.C_S00_AXI_ADDR_WIDTH&apos;)) - 1)">3</spirit:left>
            <spirit:right spirit:format="long">0</spirit:right>
          </spirit:vector>
          <spirit:wireTypeDefs>
            <spirit:wireTypeDef>
              <spirit:typeName>wire</spirit:typeName>
              <spirit:viewNameRef>xilinx_verilogsynthesis</spirit:viewNameRef>
              <spirit:viewNameRef>xilinx_verilogbehavioralsimulation</spirit:viewNameRef>
            </spirit:wireTypeDef>
          </spirit:wireTypeDefs>
        </spirit:wire>
      </spirit:port>
      <spirit:port>
        <spirit:name>s00_axi_arprot</spirit:name>
        <spirit:wire>
          <spirit:direction>in</spirit:direction>
          <spirit:vector>
            <spirit:left spirit:format="long">2</spirit:left>
            <spirit:right spirit:format="long">0</spirit:right>
          </spirit:vector>
          <spirit:wireTypeDefs>
            <spirit:wireTypeDef>
              <spirit:typeName>wire</spirit:typeName>
              <spirit:viewNameRef>xilinx_verilogsynthesis</spirit:viewNameRef>
              <spirit:viewNameRef>xilinx_verilogbehavioralsimulation</spirit:viewNameRef>
            </spirit:wireTypeDef>
          </spirit:wireTypeDefs>
        </spirit:wire>
      </spirit:port>
      <spirit:port>
        <spirit:name>s00_axi_arvalid</spirit:name>
        <spirit:wire>
          <spirit:direction>in</spirit:direction>
          <spirit:wireTypeDefs>
            <spirit:wireTypeDef>
              <spirit:typeName>wire</spirit:typeName>
              <spirit:viewNameRef>xilinx_verilogsynthesis</spirit:viewNameRef>
              <spirit:viewNameRef>xilinx_verilogbehavioralsimulation</spirit:viewNameRef>
            </spirit:wireTypeDef>
          </spirit:wireTypeDefs>
        </spirit:wire>
      </spirit:port>
      <spirit:port>
        <spirit:name>s00_axi_arready</spirit:name>
        <spirit:wire>
          <spirit:direction>out</spirit:direction>
          <spirit:wireTypeDefs>
            <spirit:wireTypeDef>
              <spirit:typeName>wire</spirit:typeName>
              <spirit:viewNameRef>xilinx_verilogsynthesis</spirit:viewNameRef>
              <spirit:viewNameRef>xilinx_verilogbehavioralsimulation</spirit:viewNameRef>
            </spirit:wireTypeDef>
          </spirit:wireTypeDefs>
        </spirit:wire>
      </spirit:port>
      <spirit:port>
        <spirit:name>s00_axi_rdata</spirit:name>
        <spirit:wire>
          <spirit:direction>out</spirit:direction>
          <spirit:vector>
            <spirit:left spirit:format="long" spirit:resolve="dependent" spirit:dependency="(spirit:decode(id(&apos;MODELPARAM_VALUE.C_S00_AXI_DATA_WIDTH&apos;)) - 1)">31</spirit:left>
            <spirit:right spirit:format="long">0</spirit:right>
          </spirit:vector>
          <spirit:wireTypeDefs>
            <spirit:wireTypeDef>
              <spirit:typeName>wire</spirit:typeName>
              <spirit:viewNameRef>xilinx_verilogsynthesis</spirit:viewNameRef>
              <spirit:viewNameRef>xilinx_verilogbehavioralsimulation</spirit:viewNameRef>
            </spirit:wireTypeDef>
          </spirit:wireTypeDefs>
        </spirit:wire>
      </spirit:port>
      <spirit:port>
        <spirit:name>s00_axi_rresp</spirit:name>
        <spirit:wire>
          <spirit:direction>out</spirit:direction>
          <spirit:vector>
            <spirit:left spirit:format="long">1</spirit:left>
            <spirit:right spirit:format="long">0</spirit:right>
          </spirit:vector>
          <spirit:wireTypeDefs>
            <spirit:wireTypeDef>
              <spirit:typeName>wire</spirit:typeName>
              <spirit:viewNameRef>xilinx_verilogsynthesis</spirit:viewNameRef>
              <spirit:viewNameRef>xilinx_verilogbehavioralsimulation</spirit:viewNameRef>
            </spirit:wireTypeDef>
          </spirit:wireTypeDefs>
        </spirit:wire>
      </spirit:port>
      <spirit:port>
        <spirit:name>s00_axi_rvalid</spirit:name>
        <spirit:wire>
          <spirit:direction>out</spirit:direction>
          <spirit:wireTypeDefs>
            <spirit:wireTypeDef>
              <spirit:typeName>wire</spirit:typeName>
              <spirit:viewNameRef>xilinx_verilogsynthesis</spirit:viewNameRef>
              <spirit:viewNameRef>xilinx_verilogbehavioralsimulation</spirit:viewNameRef>
            </spirit:wireTypeDef>
          </spirit:wireTypeDefs>
        </spirit:wire>
      </spirit:port>
      <spirit:port>
        <spirit:name>s00_axi_rready</spirit:name>
        <spirit:wire>
          <spirit:direction>in</spirit:direction>
          <spirit:wireTypeDefs>
            <spirit:wireTypeDef>
              <spirit:typeName>wire</spirit:typeName>
              <spirit:viewNameRef>xilinx_verilogsynthesis</spirit:viewNameRef>
              <spirit:viewNameRef>xilinx_verilogbehavioralsimulation</spirit:viewNameRef>
            </spirit:wireTypeDef>
          </spirit:wireTypeDefs>
        </spirit:wire>
      </spirit:port>
      <spirit:port>
        <spirit:name>s00_axi_aclk</spirit:name>
        <spirit:wire>
          <spirit:direction>in</spirit:direction>
          <spirit:wireTypeDefs>
            <spirit:wireTypeDef>
              <spirit:typeName>wire</spirit:typeName>
              <spirit:viewNameRef>xilinx_verilogsynthesis</spirit:viewNameRef>
              <spirit:viewNameRef>xilinx_verilogbehavioralsimulation</spirit:viewNameRef>
            </spirit:wireTypeDef>
          </spirit:wireTypeDefs>
        </spirit:wire>
      </spirit:port>
      <spirit:port>
        <spirit:name>s00_axi_aresetn</spirit:name>
        <spirit:wire>
          <spirit:direction>in</spirit:direction>
          <spirit:wireTypeDefs>
            <spirit:wireTypeDef>
              <spirit:typeName>wire</spirit:typeName>
              <spirit:viewNameRef>xilinx_verilogsynthesis</spirit:viewNameRef>
              <spirit:viewNameRef>xilinx_verilogbehavioralsimulation</spirit:viewNameRef>
            </spirit:wireTypeDef>
          </spirit:wireTypeDefs>
        </spirit:wire>
      </spirit:port>
    </spirit:ports>
    <spirit:modelParameters>
      <spirit:modelParameter xsi:type="spirit:nameValueTypeType" spirit:dataType="integer">
        <spirit:name>C_S00_AXI_DATA_WIDTH</spirit:name>
        <spirit:displayName>C S00 AXI DATA WIDTH</spirit:displayName>
        <spirit:description>Width of S_AXI data bus</spirit:description>
        <spirit:value spirit:format="long" spirit:resolve="generated" spirit:id="MODELPARAM_VALUE.C_S00_AXI_DATA_WIDTH" spirit:order="3" spirit:rangeType="long">32</spirit:value>
      </spirit:modelParameter>
      <spirit:modelParameter spirit:dataType="integer">
        <spirit:name>C_S00_AXI_ADDR_WIDTH</spirit:name>
        <spirit:displayName>C S00 AXI ADDR WIDTH</spirit:displayName>
        <spirit:description>Width of S_AXI address bus</spirit:description>
        <spirit:value spirit:format="long" spirit:resolve="generated" spirit:id="MODELPARAM_VALUE.C_S00_AXI_ADDR_WIDTH" spirit:order="4" spirit:rangeType="long">4</spirit:value>
      </spirit:modelParameter>
    </spirit:modelParameters>
  </spirit:model>
  <spirit:choices>
    <spirit:choice>
      <spirit:name>choice_list_6fc15197</spirit:name>
      <spirit:enumeration>32</spirit:enumeration>
    </spirit:choice>
    <spirit:choice>
      <spirit:name>choice_list_9d8b0d81</spirit:name>
      <spirit:enumeration>ACTIVE_HIGH</spirit:enumeration>
      <spirit:enumeration>ACTIVE_LOW</spirit:enumeration>
    </spirit:choice>
    <spirit:choice>
      <spirit:name>choice_pairs_ce1226b1</spirit:name>
      <spirit:enumeration spirit:text="true">1</spirit:enumeration>
      <spirit:enumeration spirit:text="false">0</spirit:enumeration>
    </spirit:choice>
  </spirit:choices>
  <spirit:fileSets>
    <spirit:fileSet>
      <spirit:name>xilinx_verilogsynthesis_view_fileset</spirit:name>
      <spirit:file>
        <spirit:name>hdl/AXI_I2S_driver_v1_0_S00_AXI.v</spirit:name>
        <spirit:fileType>verilogSource</spirit:fileType>
      </spirit:file>
      <spirit:file>
        <spirit:name>hdl/AXI_I2S_driver_v1_0.v</spirit:name>
        <spirit:fileType>verilogSource</spirit:fileType>
        <spirit:userFileType>CHECKSUM_db628dbb</spirit:userFileType>
      </spirit:file>
    </spirit:fileSet>
    <spirit:fileSet>
      <spirit:name>xilinx_verilogbehavioralsimulation_view_fileset</spirit:name>
      <spirit:file>
        <spirit:name>hdl/AXI_I2S_driver_v1_0_S00_AXI.v</spirit:name>
        <spirit:fileType>verilogSource</spirit:fileType>
      </spirit:file>
      <spirit:file>
        <spirit:name>hdl/AXI_I2S_driver_v1_0.v</spirit:name>
        <spirit:fileType>verilogSource</spirit:fileType>
      </spirit:file>
    </spirit:fileSet>
    <spirit:fileSet>
      <spirit:name>xilinx_softwaredriver_view_fileset</spirit:name>
      <spirit:file>
        <spirit:name>drivers/AXI_I2S_driver_v1_0/data/AXI_I2S_driver.mdd</spirit:name>
        <spirit:userFileType>mdd</spirit:userFileType>
        <spirit:userFileType>driver_mdd</spirit:userFileType>
      </spirit:file>
      <spirit:file>
        <spirit:name>drivers/AXI_I2S_driver_v1_0/data/AXI_I2S_driver.tcl</spirit:name>
        <spirit:fileType>tclSource</spirit:fileType>
        <spirit:userFileType>driver_tcl</spirit:userFileType>
      </spirit:file>
      <spirit:file>
        <spirit:name>drivers/AXI_I2S_driver_v1_0/src/Makefile</spirit:name>
        <spirit:userFileType>driver_src</spirit:userFileType>
      </spirit:file>
      <spirit:file>
        <spirit:name>drivers/AXI_I2S_driver_v1_0/src/AXI_I2S_driver.h</spirit:name>
        <spirit:fileType>cSource</spirit:fileType>
        <spirit:userFileType>driver_src</spirit:userFileType>
      </spirit:file>
      <spirit:file>
        <spirit:name>drivers/AXI_I2S_driver_v1_0/src/AXI_I2S_driver.c</spirit:name>
        <spirit:fileType>cSource</spirit:fileType>
        <spirit:userFileType>driver_src</spirit:userFileType>
      </spirit:file>
      <spirit:file>
        <spirit:name>drivers/AXI_I2S_driver_v1_0/src/AXI_I2S_driver_selftest.c</spirit:name>
        <spirit:fileType>cSource</spirit:fileType>
        <spirit:userFileType>driver_src</spirit:userFileType>
      </spirit:file>
    </spirit:fileSet>
    <spirit:fileSet>
      <spirit:name>xilinx_xpgui_view_fileset</spirit:name>
      <spirit:file>
        <spirit:name>xgui/AXI_I2S_driver_v1_0.tcl</spirit:name>
        <spirit:fileType>tclSource</spirit:fileType>
        <spirit:userFileType>CHECKSUM_dda4df14</spirit:userFileType>
        <spirit:userFileType>XGUI_VERSION_2</spirit:userFileType>
      </spirit:file>
    </spirit:fileSet>
    <spirit:fileSet>
      <spirit:name>bd_tcl_view_fileset</spirit:name>
      <spirit:file>
        <spirit:name>bd/bd.tcl</spirit:name>
        <spirit:fileType>tclSource</spirit:fileType>
      </spirit:file>
    </spirit:fileSet>
  </spirit:fileSets>
  <spirit:description>AXI driver for I2S interface</spirit:description>
  <spirit:parameters>
    <spirit:parameter>
      <spirit:name>C_S00_AXI_DATA_WIDTH</spirit:name>
      <spirit:displayName>C S00 AXI DATA WIDTH</spirit:displayName>
      <spirit:description>Width of S_AXI data bus</spirit:description>
      <spirit:value spirit:format="long" spirit:resolve="user" spirit:id="PARAM_VALUE.C_S00_AXI_DATA_WIDTH" spirit:choiceRef="choice_list_6fc15197" spirit:order="3">32</spirit:value>
      <spirit:vendorExtensions>
        <xilinx:parameterInfo>
          <xilinx:enablement>
            <xilinx:isEnabled xilinx:id="PARAM_ENABLEMENT.C_S00_AXI_DATA_WIDTH">false</xilinx:isEnabled>
          </xilinx:enablement>
        </xilinx:parameterInfo>
      </spirit:vendorExtensions>
    </spirit:parameter>
    <spirit:parameter>
      <spirit:name>C_S00_AXI_ADDR_WIDTH</spirit:name>
      <spirit:displayName>C S00 AXI ADDR WIDTH</spirit:displayName>
      <spirit:description>Width of S_AXI address bus</spirit:description>
      <spirit:value spirit:format="long" spirit:resolve="user" spirit:id="PARAM_VALUE.C_S00_AXI_ADDR_WIDTH" spirit:order="4" spirit:rangeType="long">4</spirit:value>
      <spirit:vendorExtensions>
        <xilinx:parameterInfo>
          <xilinx:enablement>
            <xilinx:isEnabled xilinx:id="PARAM_ENABLEMENT.C_S00_AXI_ADDR_WIDTH">false</xilinx:isEnabled>
          </xilinx:enablement>
        </xilinx:parameterInfo>
      </spirit:vendorExtensions>
    </spirit:parameter>
    <spirit:parameter>
      <spirit:name>C_S00_AXI_BASEADDR</spirit:name>
      <spirit:displayName>C S00 AXI BASEADDR</spirit:displayName>
      <spirit:value spirit:format="bitString" spirit:resolve="user" spirit:id="PARAM_VALUE.C_S00_AXI_BASEADDR" spirit:order="5" spirit:bitStringLength="32">0xFFFFFFFF</spirit:value>
      <spirit:vendorExtensions>
        <xilinx:parameterInfo>
          <xilinx:enablement>
            <xilinx:isEnabled xilinx:id="PARAM_ENABLEMENT.C_S00_AXI_BASEADDR">false</xilinx:isEnabled>
          </xilinx:enablement>
        </xilinx:parameterInfo>
      </spirit:vendorExtensions>
    </spirit:parameter>
    <spirit:parameter>
      <spirit:name>C_S00_AXI_HIGHADDR</spirit:name>
      <spirit:displayName>C S00 AXI HIGHADDR</spirit:displayName>
      <spirit:value spirit:format="bitString" spirit:resolve="user" spirit:id="PARAM_VALUE.C_S00_AXI_HIGHADDR" spirit:order="6" spirit:bitStringLength="32">0x00000000</spirit:value>
      <spirit:vendorExtensions>
        <xilinx:parameterInfo>
          <xilinx:enablement>
            <xilinx:isEnabled xilinx:id="PARAM_ENABLEMENT.C_S00_AXI_HIGHADDR">false</xilinx:isEnabled>
          </xilinx:enablement>
        </xilinx:parameterInfo>
      </spirit:vendorExtensions>
    </spirit:parameter>
    <spirit:parameter>
      <spirit:name>Component_Name</spirit:name>
      <spirit:value spirit:resolve="user" spirit:id="PARAM_VALUE.Component_Name" spirit:order="1">AXI_I2S_driver_v1_0</spirit:value>
    </spirit:parameter>
  </spirit:parameters>
  <spirit:vendorExtensions>
    <xilinx:coreExtensions>
      <xilinx:supportedFamilies>
        <xilinx:family xilinx:lifeCycle="Production">artix7</xilinx:family>
      </xilinx:supportedFamilies>
      <xilinx:taxonomies>
        <xilinx:taxonomy>AXI_Peripheral</xilinx:taxonomy>
      </xilinx:taxonomies>
      <xilinx:displayName>AXI_I2S_driver_v1.0</xilinx:displayName>
      <xilinx:coreRevision>8</xilinx:coreRevision>
      <xilinx:coreCreationDateTime>2024-02-12T18:01:35Z</xilinx:coreCreationDateTime>
      <xilinx:tags>
        <xilinx:tag xilinx:name="ui.data.coregen.dd@51a35361_ARCHIVE_LOCATION">c:/Users/robita46/ECE532-project-main/ECE532-project-main/Trumpet_project/ip_repo/AXI_I2S_driver_1.0</xilinx:tag>
        <xilinx:tag xilinx:name="ui.data.coregen.dd@5bd405f9_ARCHIVE_LOCATION">c:/Users/robita46/ECE532-project-main/ECE532-project-main/Trumpet_project/ip_repo/AXI_I2S_driver_1.0</xilinx:tag>
        <xilinx:tag xilinx:name="ui.data.coregen.dd@5acb3ef3_ARCHIVE_LOCATION">c:/Users/robita46/ECE532-project-main/ECE532-project-main/Trumpet_project/ip_repo/AXI_I2S_driver_1.0</xilinx:tag>
        <xilinx:tag xilinx:name="ui.data.coregen.dd@369989c4_ARCHIVE_LOCATION">c:/Users/robita46/ECE532-project-main/ECE532-project-main/Trumpet_project/ip_repo/AXI_I2S_driver_1.0</xilinx:tag>
        <xilinx:tag xilinx:name="ui.data.coregen.dd@2881898d_ARCHIVE_LOCATION">c:/Users/robita46/ECE532-project-main/ECE532-project-main/Trumpet_project/ip_repo/AXI_I2S_driver_1.0</xilinx:tag>
        <xilinx:tag xilinx:name="ui.data.coregen.dd@226f0ed0_ARCHIVE_LOCATION">c:/Users/robita46/ECE532-project-main/ECE532-project-main/Trumpet_project/ip_repo/AXI_I2S_driver_1.0</xilinx:tag>
        <xilinx:tag xilinx:name="ui.data.coregen.dd@2a648c54_ARCHIVE_LOCATION">c:/Users/robita46/ECE532-project-main/ECE532-project-main/Trumpet_project/ip_repo/AXI_I2S_driver_1.0</xilinx:tag>
        <xilinx:tag xilinx:name="ui.data.coregen.dd@37c10afb_ARCHIVE_LOCATION">c:/Users/robita46/ECE532-project-main/ECE532-project-main/Trumpet_project/ip_repo/AXI_I2S_driver_1.0</xilinx:tag>
        <xilinx:tag xilinx:name="ui.data.coregen.dd@3d3c3a97_ARCHIVE_LOCATION">c:/Users/robita46/ECE532-project-main/ECE532-project-main/Trumpet_project/ip_repo/AXI_I2S_driver_1.0</xilinx:tag>
        <xilinx:tag xilinx:name="ui.data.coregen.dd@6034a91e_ARCHIVE_LOCATION">c:/Users/robita46/ECE532-project-main/ECE532-project-main/Trumpet_project/ip_repo/AXI_I2S_driver_1.0</xilinx:tag>
        <xilinx:tag xilinx:name="ui.data.coregen.dd@21e3c829_ARCHIVE_LOCATION">c:/Users/robita46/ECE532-project-main/ECE532-project-main/Trumpet_project/ip_repo/AXI_I2S_driver_1.0</xilinx:tag>
        <xilinx:tag xilinx:name="ui.data.coregen.dd@44ea4081_ARCHIVE_LOCATION">c:/Users/robita46/ECE532-project-main/ECE532-project-main/Trumpet_project/ip_repo/AXI_I2S_driver_1.0</xilinx:tag>
        <xilinx:tag xilinx:name="ui.data.coregen.dd@74d2cea1_ARCHIVE_LOCATION">c:/Users/robita46/ECE532-project-main/ECE532-project-main/Trumpet_project/ip_repo/AXI_I2S_driver_1.0</xilinx:tag>
        <xilinx:tag xilinx:name="ui.data.coregen.dd@2153ae37_ARCHIVE_LOCATION">c:/Users/robita46/ECE532-project-main/ECE532-project-main/Trumpet_project/ip_repo/AXI_I2S_driver_1.0</xilinx:tag>
        <xilinx:tag xilinx:name="ui.data.coregen.dd@6a4056ac_ARCHIVE_LOCATION">c:/Users/robita46/ECE532-project-main/ECE532-project-main/Trumpet_project/ip_repo/AXI_I2S_driver_1.0</xilinx:tag>
        <xilinx:tag xilinx:name="ui.data.coregen.dd@1d8c2d15_ARCHIVE_LOCATION">c:/Users/robita46/ECE532-project-main/ECE532-project-main/Trumpet_project/ip_repo/AXI_I2S_driver_1.0</xilinx:tag>
        <xilinx:tag xilinx:name="ui.data.coregen.dd@537de5d6_ARCHIVE_LOCATION">c:/Users/robita46/ECE532-project-main/ECE532-project-main/Trumpet_project/ip_repo/AXI_I2S_driver_1.0</xilinx:tag>
        <xilinx:tag xilinx:name="ui.data.coregen.dd@5beebb50_ARCHIVE_LOCATION">c:/Users/robita46/ECE532-project-main/ECE532-project-main/Trumpet_project/ip_repo/AXI_I2S_driver_1.0</xilinx:tag>
        <xilinx:tag xilinx:name="ui.data.coregen.dd@59f9e0fb_ARCHIVE_LOCATION">c:/Users/robita46/ECE532-project-main/ECE532-project-main/Trumpet_project/ip_repo/AXI_I2S_driver_1.0</xilinx:tag>
        <xilinx:tag xilinx:name="ui.data.coregen.dd@40edbdbb_ARCHIVE_LOCATION">c:/Users/robita46/ECE532-project-main/ECE532-project-main/Trumpet_project/ip_repo/AXI_I2S_driver_1.0</xilinx:tag>
        <xilinx:tag xilinx:name="ui.data.coregen.dd@52b0193e_ARCHIVE_LOCATION">c:/Users/robita46/ECE532-project-main/ECE532-project-main/Trumpet_project/ip_repo/AXI_I2S_driver_1.0</xilinx:tag>
        <xilinx:tag xilinx:name="ui.data.coregen.dd@1e974a35_ARCHIVE_LOCATION">c:/Users/robita46/ECE532-project-main/ECE532-project-main/Trumpet_project/ip_repo/AXI_I2S_driver_1.0</xilinx:tag>
        <xilinx:tag xilinx:name="ui.data.coregen.dd@6be10a64_ARCHIVE_LOCATION">c:/Users/robita46/ECE532-project-main/ECE532-project-main/Trumpet_project/ip_repo/AXI_I2S_driver_1.0</xilinx:tag>
        <xilinx:tag xilinx:name="ui.data.coregen.dd@9e113c_ARCHIVE_LOCATION">c:/Users/robita46/ECE532-project-main/ECE532-project-main/Trumpet_project/ip_repo/AXI_I2S_driver_1.0</xilinx:tag>
        <xilinx:tag xilinx:name="ui.data.coregen.dd@761808c_ARCHIVE_LOCATION">c:/Users/robita46/ECE532-project-main/ECE532-project-main/Trumpet_project/ip_repo/AXI_I2S_driver_1.0</xilinx:tag>
        <xilinx:tag xilinx:name="ui.data.coregen.dd@55da83c1_ARCHIVE_LOCATION">c:/Users/robita46/ECE532-project-main/ECE532-project-main/Trumpet_project/ip_repo/AXI_I2S_driver_1.0</xilinx:tag>
        <xilinx:tag xilinx:name="ui.data.coregen.dd@3176083e_ARCHIVE_LOCATION">c:/Users/robita46/ECE532-project-main/ECE532-project-main/Trumpet_project/ip_repo/AXI_I2S_driver_1.0</xilinx:tag>
        <xilinx:tag xilinx:name="ui.data.coregen.dd@56948ac1_ARCHIVE_LOCATION">c:/Users/robita46/ECE532-project-main/ECE532-project-main/Trumpet_project/ip_repo/AXI_I2S_driver_1.0</xilinx:tag>
        <xilinx:tag xilinx:name="ui.data.coregen.dd@4f22c552_ARCHIVE_LOCATION">c:/Users/robita46/ECE532-project-main/ECE532-project-main/Trumpet_project/ip_repo/AXI_I2S_driver_1.0</xilinx:tag>
        <xilinx:tag xilinx:name="ui.data.coregen.dd@58a37115_ARCHIVE_LOCATION">c:/Users/robita46/ECE532-project-main/ECE532-project-main/Trumpet_project/ip_repo/AXI_I2S_driver_1.0</xilinx:tag>
        <xilinx:tag xilinx:name="ui.data.coregen.dd@6813cacd_ARCHIVE_LOCATION">c:/Users/robita46/ECE532-project-main/ECE532-project-main/Trumpet_project/ip_repo/AXI_I2S_driver_1.0</xilinx:tag>
        <xilinx:tag xilinx:name="ui.data.coregen.dd@6630253f_ARCHIVE_LOCATION">c:/Users/robita46/ECE532-project-main/ECE532-project-main/Trumpet_project/ip_repo/AXI_I2S_driver_1.0</xilinx:tag>
        <xilinx:tag xilinx:name="ui.data.coregen.dd@f5894ab_ARCHIVE_LOCATION">c:/Users/robita46/ECE532-project-main/ECE532-project-main/Trumpet_project/ip_repo/AXI_I2S_driver_1.0</xilinx:tag>
        <xilinx:tag xilinx:name="ui.data.coregen.dd@6fbfb659_ARCHIVE_LOCATION">c:/Users/robita46/ECE532-project-main/ECE532-project-main/Trumpet_project/ip_repo/AXI_I2S_driver_1.0</xilinx:tag>
        <xilinx:tag xilinx:name="ui.data.coregen.dd@76c0958a_ARCHIVE_LOCATION">c:/Users/robita46/ECE532-project-main/ECE532-project-main/Trumpet_project/ip_repo/AXI_I2S_driver_1.0</xilinx:tag>
        <xilinx:tag xilinx:name="ui.data.coregen.dd@6e69a067_ARCHIVE_LOCATION">c:/Users/robita46/ECE532-project-main/ECE532-project-main/Trumpet_project/ip_repo/AXI_I2S_driver_1.0</xilinx:tag>
        <xilinx:tag xilinx:name="ui.data.coregen.dd@52108f22_ARCHIVE_LOCATION">c:/Users/robita46/ECE532-project-main/ECE532-project-main/Trumpet_project/ip_repo/AXI_I2S_driver_1.0</xilinx:tag>
        <xilinx:tag xilinx:name="ui.data.coregen.dd@7b021d6c_ARCHIVE_LOCATION">c:/Users/robita46/ECE532-project-main/ECE532-project-main/Trumpet_project/ip_repo/AXI_I2S_driver_1.0</xilinx:tag>
        <xilinx:tag xilinx:name="ui.data.coregen.dd@6ccdfbe0_ARCHIVE_LOCATION">c:/Users/robita46/ECE532-project-main/ECE532-project-main/Trumpet_project/ip_repo/AXI_I2S_driver_1.0</xilinx:tag>
        <xilinx:tag xilinx:name="ui.data.coregen.dd@2ddffc9b_ARCHIVE_LOCATION">c:/Users/robita46/ECE532-project-main/ECE532-project-main/Trumpet_project/ip_repo/AXI_I2S_driver_1.0</xilinx:tag>
        <xilinx:tag xilinx:name="ui.data.coregen.dd@79fac152_ARCHIVE_LOCATION">c:/Users/robita46/ECE532-project-main/ECE532-project-main/Trumpet_project/ip_repo/AXI_I2S_driver_1.0</xilinx:tag>
        <xilinx:tag xilinx:name="ui.data.coregen.dd@63518a17_ARCHIVE_LOCATION">c:/Users/robita46/ECE532-project-main/ECE532-project-main/Trumpet_project/ip_repo/AXI_I2S_driver_1.0</xilinx:tag>
        <xilinx:tag xilinx:name="ui.data.coregen.dd@4a901d6a_ARCHIVE_LOCATION">c:/Users/robita46/ECE532-project-main/ECE532-project-main/Trumpet_project/ip_repo/AXI_I2S_driver_1.0</xilinx:tag>
        <xilinx:tag xilinx:name="ui.data.coregen.dd@46f149b1_ARCHIVE_LOCATION">c:/Users/robita46/ECE532-project-main/ECE532-project-main/Trumpet_project/ip_repo/AXI_I2S_driver_1.0</xilinx:tag>
        <xilinx:tag xilinx:name="ui.data.coregen.dd@272bc29d_ARCHIVE_LOCATION">c:/Users/robita46/ECE532-project-main/ECE532-project-main/Trumpet_project/ip_repo/AXI_I2S_driver_1.0</xilinx:tag>
        <xilinx:tag xilinx:name="ui.data.coregen.dd@77ef00b8_ARCHIVE_LOCATION">c:/Users/robita46/ECE532-project-main/ECE532-project-main/Trumpet_project/ip_repo/AXI_I2S_driver_1.0</xilinx:tag>
        <xilinx:tag xilinx:name="ui.data.coregen.dd@9b54e6e_ARCHIVE_LOCATION">c:/Users/robita46/ECE532-project-main/ECE532-project-main/Trumpet_project/ip_repo/AXI_I2S_driver_1.0</xilinx:tag>
        <xilinx:tag xilinx:name="ui.data.coregen.dd@640abe60_ARCHIVE_LOCATION">c:/Users/robita46/ECE532-project-main/ECE532-project-main/Trumpet_project/ip_repo/AXI_I2S_driver_1.0</xilinx:tag>
        <xilinx:tag xilinx:name="ui.data.coregen.dd@3b811328_ARCHIVE_LOCATION">c:/Users/robita46/ECE532-project-main/ECE532-project-main/Trumpet_project/ip_repo/AXI_I2S_driver_1.0</xilinx:tag>
        <xilinx:tag xilinx:name="ui.data.coregen.dd@2264fd25_ARCHIVE_LOCATION">c:/Users/robita46/ECE532-project-main/ECE532-project-main/Trumpet_project/ip_repo/AXI_I2S_driver_1.0</xilinx:tag>
        <xilinx:tag xilinx:name="ui.data.coregen.dd@19171ffb_ARCHIVE_LOCATION">c:/Users/robita46/ECE532-project-main/ECE532-project-main/Trumpet_project/ip_repo/AXI_I2S_driver_1.0</xilinx:tag>
        <xilinx:tag xilinx:name="ui.data.coregen.dd@776685ce_ARCHIVE_LOCATION">c:/Users/robita46/ECE532-project-main/ECE532-project-main/Trumpet_project/ip_repo/AXI_I2S_driver_1.0</xilinx:tag>
        <xilinx:tag xilinx:name="ui.data.coregen.dd@448684c1_ARCHIVE_LOCATION">c:/Users/robita46/ECE532-project-main/ECE532-project-main/Trumpet_project/ip_repo/AXI_I2S_driver_1.0</xilinx:tag>
        <xilinx:tag xilinx:name="ui.data.coregen.dd@18e3eb7a_ARCHIVE_LOCATION">c:/Users/robita46/ECE532-project-main/ECE532-project-main/Trumpet_project/ip_repo/AXI_I2S_driver_1.0</xilinx:tag>
        <xilinx:tag xilinx:name="ui.data.coregen.dd@752c7fba_ARCHIVE_LOCATION">c:/Users/robita46/ECE532-project-main/ECE532-project-main/Trumpet_project/ip_repo/AXI_I2S_driver_1.0</xilinx:tag>
        <xilinx:tag xilinx:name="ui.data.coregen.dd@730cbf7c_ARCHIVE_LOCATION">c:/Users/robita46/ECE532-project-main/ECE532-project-main/Trumpet_project/ip_repo/AXI_I2S_driver_1.0</xilinx:tag>
        <xilinx:tag xilinx:name="ui.data.coregen.dd@2e9dcc40_ARCHIVE_LOCATION">c:/Users/robita46/ECE532-project-main/ECE532-project-main/Trumpet_project/ip_repo/AXI_I2S_driver_1.0</xilinx:tag>
        <xilinx:tag xilinx:name="ui.data.coregen.dd@7cbf0a93_ARCHIVE_LOCATION">c:/Users/robita46/ECE532-project-main/ECE532-project-main/Trumpet_project/ip_repo/AXI_I2S_driver_1.0</xilinx:tag>
        <xilinx:tag xilinx:name="ui.data.coregen.dd@559d8a9d_ARCHIVE_LOCATION">c:/Users/robita46/ECE532-project-main/ECE532-project-main/Trumpet_project/ip_repo/AXI_I2S_driver_1.0</xilinx:tag>
        <xilinx:tag xilinx:name="ui.data.coregen.dd@1f4966d8_ARCHIVE_LOCATION">c:/Users/robita46/ECE532-project-main/ECE532-project-main/Trumpet_project/ip_repo/AXI_I2S_driver_1.0</xilinx:tag>
        <xilinx:tag xilinx:name="ui.data.coregen.dd@106c0b33_ARCHIVE_LOCATION">c:/Users/robita46/ECE532-project-main/ECE532-project-main/Trumpet_project/ip_repo/AXI_I2S_driver_1.0</xilinx:tag>
        <xilinx:tag xilinx:name="ui.data.coregen.dd@6c4d8706_ARCHIVE_LOCATION">c:/Users/robita46/ECE532-project-main/ECE532-project-main/Trumpet_project/ip_repo/AXI_I2S_driver_1.0</xilinx:tag>
        <xilinx:tag xilinx:name="ui.data.coregen.dd@379cccee_ARCHIVE_LOCATION">c:/Users/robita46/ECE532-project-main/ECE532-project-main/Trumpet_project/ip_repo/AXI_I2S_driver_1.0</xilinx:tag>
        <xilinx:tag xilinx:name="ui.data.coregen.dd@5c57ad74_ARCHIVE_LOCATION">c:/Users/robita46/ECE532-project-main/ECE532-project-main/Trumpet_project/ip_repo/AXI_I2S_driver_1.0</xilinx:tag>
        <xilinx:tag xilinx:name="ui.data.coregen.dd@2c8dd8a4_ARCHIVE_LOCATION">c:/Users/robita46/ECE532-project-main/ECE532-project-main/Trumpet_project/ip_repo/AXI_I2S_driver_1.0</xilinx:tag>
        <xilinx:tag xilinx:name="ui.data.coregen.dd@57396f8d_ARCHIVE_LOCATION">c:/Users/robita46/ECE532-project-main/ECE532-project-main/Trumpet_project/ip_repo/AXI_I2S_driver_1.0</xilinx:tag>
        <xilinx:tag xilinx:name="ui.data.coregen.dd@3b5e7237_ARCHIVE_LOCATION">c:/Users/robita46/ECE532-project-main/ECE532-project-main/Trumpet_project/ip_repo/AXI_I2S_driver_1.0</xilinx:tag>
        <xilinx:tag xilinx:name="ui.data.coregen.dd@1c704fcb_ARCHIVE_LOCATION">c:/Users/robita46/ECE532-project-main/ECE532-project-main/Trumpet_project/ip_repo/AXI_I2S_driver_1.0</xilinx:tag>
        <xilinx:tag xilinx:name="ui.data.coregen.dd@5ad2bf4c_ARCHIVE_LOCATION">c:/Users/robita46/ECE532-project-main/ECE532-project-main/Trumpet_project/ip_repo/AXI_I2S_driver_1.0</xilinx:tag>
        <xilinx:tag xilinx:name="ui.data.coregen.dd@25f70850_ARCHIVE_LOCATION">c:/Users/robita46/ECE532-project-main/ECE532-project-main/Trumpet_project/ip_repo/AXI_I2S_driver_1.0</xilinx:tag>
        <xilinx:tag xilinx:name="ui.data.coregen.dd@2c85c5dd_ARCHIVE_LOCATION">c:/Users/robita46/ECE532-project-main/ECE532-project-main/Trumpet_project/ip_repo/AXI_I2S_driver_1.0</xilinx:tag>
        <xilinx:tag xilinx:name="ui.data.coregen.dd@762601ce_ARCHIVE_LOCATION">c:/Users/robita46/ECE532-project-main/ECE532-project-main/Trumpet_project/ip_repo/AXI_I2S_driver_1.0</xilinx:tag>
        <xilinx:tag xilinx:name="ui.data.coregen.dd@4ed44f54_ARCHIVE_LOCATION">c:/Users/robita46/ECE532-project-main/ECE532-project-main/Trumpet_project/ip_repo/AXI_I2S_driver_1.0</xilinx:tag>
        <xilinx:tag xilinx:name="ui.data.coregen.dd@1e2cf739_ARCHIVE_LOCATION">c:/Users/robita46/ECE532-project-main/ECE532-project-main/Trumpet_project/ip_repo/AXI_I2S_driver_1.0</xilinx:tag>
        <xilinx:tag xilinx:name="ui.data.coregen.dd@4dae81e2_ARCHIVE_LOCATION">c:/Users/robita46/ECE532-project-main/ECE532-project-main/Trumpet_project/ip_repo/AXI_I2S_driver_1.0</xilinx:tag>
        <xilinx:tag xilinx:name="ui.data.coregen.dd@2527e4c3_ARCHIVE_LOCATION">c:/Users/robita46/ECE532-project-main/ECE532-project-main/Trumpet_project/ip_repo/AXI_I2S_driver_1.0</xilinx:tag>
        <xilinx:tag xilinx:name="ui.data.coregen.dd@41c5d13b_ARCHIVE_LOCATION">c:/Users/robita46/ECE532-project-main/ECE532-project-main/Trumpet_project/ip_repo/AXI_I2S_driver_1.0</xilinx:tag>
        <xilinx:tag xilinx:name="ui.data.coregen.dd@6c91c462_ARCHIVE_LOCATION">c:/Users/robita46/ECE532-project-main/ECE532-project-main/Trumpet_project/ip_repo/AXI_I2S_driver_1.0</xilinx:tag>
        <xilinx:tag xilinx:name="ui.data.coregen.dd@7b9b2807_ARCHIVE_LOCATION">c:/Users/robita46/ECE532-project-main/ECE532-project-main/Trumpet_project/ip_repo/AXI_I2S_driver_1.0</xilinx:tag>
        <xilinx:tag xilinx:name="ui.data.coregen.dd@34a358be_ARCHIVE_LOCATION">c:/Users/robita46/ECE532-project-main/ECE532-project-main/Trumpet_project/ip_repo/AXI_I2S_driver_1.0</xilinx:tag>
        <xilinx:tag xilinx:name="ui.data.coregen.dd@591c5ddc_ARCHIVE_LOCATION">c:/Users/robita46/ECE532-project-main/ECE532-project-main/Trumpet_project/ip_repo/AXI_I2S_driver_1.0</xilinx:tag>
        <xilinx:tag xilinx:name="ui.data.coregen.dd@4cbc8e7a_ARCHIVE_LOCATION">c:/Users/robita46/ECE532-project-main/ECE532-project-main/Trumpet_project/ip_repo/AXI_I2S_driver_1.0</xilinx:tag>
        <xilinx:tag xilinx:name="ui.data.coregen.dd@73307a39_ARCHIVE_LOCATION">c:/Users/robita46/ECE532-project-main/ECE532-project-main/Trumpet_project/ip_repo/AXI_I2S_driver_1.0</xilinx:tag>
        <xilinx:tag xilinx:name="ui.data.coregen.dd@1fcb53d6_ARCHIVE_LOCATION">c:/Users/robita46/ECE532-project-main/ECE532-project-main/Trumpet_project/ip_repo/AXI_I2S_driver_1.0</xilinx:tag>
        <xilinx:tag xilinx:name="ui.data.coregen.dd@5e9c74c7_ARCHIVE_LOCATION">c:/Users/robita46/ECE532-project-main/ECE532-project-main/Trumpet_project/ip_repo/AXI_I2S_driver_1.0</xilinx:tag>
        <xilinx:tag xilinx:name="ui.data.coregen.dd@3038d7b5_ARCHIVE_LOCATION">c:/Users/robita46/ECE532-project-main/ECE532-project-main/Trumpet_project/ip_repo/AXI_I2S_driver_1.0</xilinx:tag>
        <xilinx:tag xilinx:name="ui.data.coregen.dd@45320b5c_ARCHIVE_LOCATION">c:/Users/robita46/ECE532-project-main/ECE532-project-main/Trumpet_project/ip_repo/AXI_I2S_driver_1.0</xilinx:tag>
        <xilinx:tag xilinx:name="ui.data.coregen.dd@78d56d4f_ARCHIVE_LOCATION">c:/Users/robita46/ECE532-project-main/ECE532-project-main/Trumpet_project/ip_repo/AXI_I2S_driver_1.0</xilinx:tag>
        <xilinx:tag xilinx:name="ui.data.coregen.dd@240f5111_ARCHIVE_LOCATION">c:/Users/robita46/ECE532-project-main/ECE532-project-main/Trumpet_project/ip_repo/AXI_I2S_driver_1.0</xilinx:tag>
        <xilinx:tag xilinx:name="ui.data.coregen.dd@6ff168c0_ARCHIVE_LOCATION">c:/Users/robita46/ECE532-project-main/ECE532-project-main/Trumpet_project/ip_repo/AXI_I2S_driver_1.0</xilinx:tag>
        <xilinx:tag xilinx:name="ui.data.coregen.dd@2436202e_ARCHIVE_LOCATION">c:/Users/robita46/ECE532-project-main/ECE532-project-main/Trumpet_project/ip_repo/AXI_I2S_driver_1.0</xilinx:tag>
        <xilinx:tag xilinx:name="ui.data.coregen.dd@4c71af55_ARCHIVE_LOCATION">c:/Users/robita46/ECE532-project-main/ECE532-project-main/Trumpet_project/ip_repo/AXI_I2S_driver_1.0</xilinx:tag>
        <xilinx:tag xilinx:name="ui.data.coregen.dd@391bca98_ARCHIVE_LOCATION">c:/Users/robita46/ECE532-project-main/ECE532-project-main/Trumpet_project/ip_repo/AXI_I2S_driver_1.0</xilinx:tag>
        <xilinx:tag xilinx:name="ui.data.coregen.dd@6d960e97_ARCHIVE_LOCATION">c:/Users/robita46/ECE532-project-main/ECE532-project-main/Trumpet_project/ip_repo/AXI_I2S_driver_1.0</xilinx:tag>
        <xilinx:tag xilinx:name="ui.data.coregen.dd@3494b3d9_ARCHIVE_LOCATION">c:/Users/robita46/ECE532-project-main/ECE532-project-main/Trumpet_project/ip_repo/AXI_I2S_driver_1.0</xilinx:tag>
        <xilinx:tag xilinx:name="ui.data.coregen.dd@7d7aab9b_ARCHIVE_LOCATION">c:/Users/robita46/ECE532-project-main/ECE532-project-main/Trumpet_project/ip_repo/AXI_I2S_driver_1.0</xilinx:tag>
        <xilinx:tag xilinx:name="ui.data.coregen.dd@5e4a5b30_ARCHIVE_LOCATION">c:/Users/robita46/ECE532-project-main/ECE532-project-main/Trumpet_project/ip_repo/AXI_I2S_driver_1.0</xilinx:tag>
        <xilinx:tag xilinx:name="ui.data.coregen.dd@561b3c1c_ARCHIVE_LOCATION">c:/Users/robita46/ECE532-project-main/ECE532-project-main/Trumpet_project/ip_repo/AXI_I2S_driver_1.0</xilinx:tag>
        <xilinx:tag xilinx:name="ui.data.coregen.dd@193d1ded_ARCHIVE_LOCATION">c:/Users/robita46/ECE532-project-main/ECE532-project-main/Trumpet_project/ip_repo/AXI_I2S_driver_1.0</xilinx:tag>
        <xilinx:tag xilinx:name="ui.data.coregen.dd@584f08b3_ARCHIVE_LOCATION">c:/Users/robita46/ECE532-project-main/ECE532-project-main/Trumpet_project/ip_repo/AXI_I2S_driver_1.0</xilinx:tag>
        <xilinx:tag xilinx:name="ui.data.coregen.dd@34243ddd_ARCHIVE_LOCATION">c:/Users/robita46/ECE532-project-main/ECE532-project-main/Trumpet_project/ip_repo/AXI_I2S_driver_1.0</xilinx:tag>
        <xilinx:tag xilinx:name="ui.data.coregen.dd@febbe14_ARCHIVE_LOCATION">c:/Users/robita46/ECE532-project-main/ECE532-project-main/Trumpet_project/ip_repo/AXI_I2S_driver_1.0</xilinx:tag>
      </xilinx:tags>
    </xilinx:coreExtensions>
    <xilinx:packagingInfo>
      <xilinx:xilinxVersion>2018.3.1</xilinx:xilinxVersion>
      <xilinx:checksum xilinx:scope="busInterfaces" xilinx:value="7a63f3fc"/>
      <xilinx:checksum xilinx:scope="memoryMaps" xilinx:value="b321eaa4"/>
      <xilinx:checksum xilinx:scope="fileGroups" xilinx:value="58bb1b05"/>
      <xilinx:checksum xilinx:scope="ports" xilinx:value="781160ad"/>
      <xilinx:checksum xilinx:scope="hdlParameters" xilinx:value="6992ea72"/>
      <xilinx:checksum xilinx:scope="parameters" xilinx:value="1669e5d8"/>
    </xilinx:packagingInfo>
  </spirit:vendorExtensions>
</spirit:component>
